Name,Email
Priya,priya.raj@gmail.com
Ankit,ankit.mehta@gmail.com
Ramesh,ramesh.kumar@gmail.com
Suresh,suresh.yadav@gmail.com
Komal,komal.das@gmail.com
Alok,alok.singh@gmail.comName,Email
Fedele Toninelli,ucutuli@romiti-fo.net
Jacques Caron-Maury,pradavera@gmail.com
Davi Melo,longxiulan@gmail.com
Celia Benavides Real,sugja29@anhan.org
Ismael Zabala Cadenas,wei56@dingyao.cn
Adrienne du Fontaine,ntanaka@yahoo.com
Marcelle Le Blanchet,arnulf64@googlemail.com
Pepe Guerra Manzano,pascualabou@figueras-maza.es
Graciela Escalona Salgado,pierrepatricia@club-internet.fr
Kathy White,satokyosuke@takahashi.org
Virginia Vaquero Quintero,jeonghun98@naver.com
Hugo Röhricht-Kade,gabriella16@googlemail.com
Nicholas Wallace,jimenamiguel@mateo.net
Dino Nitti-Giulietti,maria-ceciliaaragao@porto.br
Lucas Rezende,kelleywanda@yahoo.com
Helmut Benthin,asdrubal85@hotmail.com
Calisto Grande Viñas,nnovaes@azevedo.com
Roman Pininfarina-Ostinelli,salud58@marmol-peralta.es
Evi Rudolph-Dehmel,adalberto70@abascal.es
Gabriel Fernandes,scarbajo@gmail.com
Émile Boyer,aokimituru@gmail.com
Augusto Trentini,williamvelez@gmail.com
Salomón Bosch Andreu,wei88@hotmail.com
Serafina Canova,ryosuketakahashi@yahoo.com
Basilio Arribas Pera,smartins@gmail.com


